{
    "colliders": [],
    "tanks": [
        {
            "name": "BULLDOG",
            "collider_extents": {
                "x": 0.35924747586250307,
                "y": 0.46340295672416689,
                "z": 1.359018325805664
            },
            "collider_offset": {
                "x": -0.04172515869140625,
                "y": 0.4680827856063843,
                "z": 0.0849151611328125
            },
            "weapon_type": 0,
            "turret_offset": {
                "x": 0.0,
                "y": 1.6403921508789063,
                "z": -0.17655181884765626
            },
            "barrel_offsets": [
                {
                    "x": 0.0,
                    "y": 0.060000061988830569,
                    "z": 1.5810012817382813
                }
            ],
            "max_health": 999999,
            "movement_speed": 8.0,
            "fire_rate": 0.699999988079071,
            "damage": 280.0,
            "fire_range": 50.0
        }
    ],
    "bullet": {
        "collider_radius": 0.25,
        "hit_radius": 0.80
    }
}
